Dataset,Accuracy,Recall,F1-Score
Training,0.9962756052141528,-,-
Validation,0.9777777777777777,0.98989898989899,0.9849246231155779
Test,0.9733333333333334,0.9733333333333334,0.9733333333333334
