Dataset,Accuracy,Recall,F1-Score
Training,0.9754071119973413,-,-
Validation,0.94,0.9294117647058824,0.9634146341463414
Test,0.98,0.98,0.9804677533664068
