Dataset,Accuracy,Recall,F1-Score
Training,0.9933532735127949,-,-
Validation,0.95,0.9411764705882353,0.9696969696969697
Test,0.98,0.98,0.9804677533664068
